"metric","formula","input_a","input_b","result","unit","source","assumption_or_limitation"
"overall_data_dimension_readiness","341 / 652 * 100","341","652","52.3006","percent","growthos-phase4-results/compatibility-summary.json","published-product snapshot"
"exact_dimension_readiness","25 / 652 * 100","25","652","3.8344","percent","growthos-phase4-results/compatibility-summary.json","exact-dimension-ready is stricter than family readiness"
"source_bound_unresolved_rate","49 / 652 * 100","49","652","7.5153","percent","growthos-phase4-results/compatibility-summary.json","unresolved remains unknown; no imputation"
"fitting_family_readiness","209 / 213 * 100","209","213","98.1221","percent","growthos-phase4-results/compatibility-summary.json","family readiness is not verified compatibility"
"layflat_rain_family_readiness","12 / 18 * 100","12","18","66.6667","percent","growthos-phase4-results/compatibility-summary.json","family readiness is not verified compatibility"
"filter_family_readiness","3 / 6 * 100","3","6","50.0000","percent","growthos-phase4-results/compatibility-summary.json","family readiness is not verified compatibility"
"pipe_family_readiness","8 / 9 * 100","8","9","88.8889","percent","growthos-phase4-results/compatibility-summary.json","family readiness is not verified compatibility"
"phase5_intent_compression","(186 - 82) / 186 * 100","186","82","55.9140","percent","growthos-phase5-results/central-intent-registry.json","deduplication/compression of irrigation-related rows into central intents"
"multi_url_owner_resolution","28 / 28 * 100","28","28","100.0000","percent","growthos-phase5-results/central-intent-registry.json","resolved multi-URL groups in recorded snapshot"
